word_count_prompt,word_count_answer,similar_words_count_percentage,relevance_score
6,7,0.16666666666666666,0.9
9,11,0.2222222222222222,0.8
8,9,0.375,0.7
11,13,0.23076923076923078,0.6
7,6,0.2857142857142857,0.5
10,12,0.1,0.4
7,9,0.14285714285714285,0.3
12,14,0.21428571428571427,0.2
13,10,0.08333333333333333,0.1
8,7,0.25,0.0
11,12,0.18181818181818182,0.0
7,8,0.375,0.0
